id,first_name,last_name,color
1,Beryl,Mamwell,Yellow
2,Rita,Devanney,Puce
3,Maximo,Veld,Crimson
4,Bride,Glenn,Maroon
5,Rivi,Demcik,Violet
6,Allister,Dearnaly,Indigo
7,Felita,Filler,Goldenrod
8,Dedie,Farries,Blue
9,Cristiano,Drinkel,Blue
10,Maressa,Chesshyre,Red
11,Lindon,Upex,Blue
12,Cynthea,Skillanders,Fuscia
13,Dorolice,Presswell,Blue
14,Adelice,Challoner,Crimson
15,Aurore,Maffey,Pink
16,Aundrea,Bellhanger,Violet
17,Mickey,Sircomb,Violet
18,Ford,Measures,Maroon
19,Nerissa,Borghese,Pink
20,Frieda,Kohn,Violet
21,Olympe,Croyser,Green
22,Farr,Poser,Blue
23,Othello,Brittan,Maroon
24,Evita,Halvosen,Turquoise
25,Arleyne,Gerbi,Khaki
26,Mersey,Marshalleck,Pink
27,Dalis,Planke,Crimson
28,Lusa,Marking,Mauv
29,Merna,Kyne,Puce
30,Garrett,De Bellis,Orange
31,Carr,Bruhnke,Crimson
32,Lynna,Fogden,Violet
33,Milo,Cordier,Khaki
34,Neely,Lenihan,Yellow
35,Alexis,Absalom,Goldenrod
36,Merrel,Lowndsbrough,Maroon
37,Camella,Wickes,Aquamarine
38,Mignonne,Mawer,Indigo
39,Irving,Ouldcott,Turquoise
40,Ingar,Leckey,Goldenrod
41,Melany,Hullah,Teal
42,Ted,Please,Purple
43,Paolo,Prattin,Goldenrod
44,Adelle,Weinberg,Khaki
45,Jenica,Aitchison,Red
46,Louisette,Jope,Purple
47,Moina,Domek,Goldenrod
48,Cathie,Lavallie,Green
49,Danica,Manford,Teal
50,Melisande,Lias,Blue
51,Gwen,Harries,Pink
52,Giraldo,Quickenden,Goldenrod
53,Mylo,Dulin,Goldenrod
54,Enriqueta,Krink,Fuscia
55,Jeff,Maccraw,Mauv
56,Alameda,Boldt,Yellow
57,Miguelita,Boules,Aquamarine
58,Keven,Karle,Mauv
59,Emmett,Weymont,Puce
60,Shaun,Mabbot,Teal
61,Herbert,Trotman,Orange
62,Michail,Rotge,Pink
63,Dukey,Simonassi,Green
64,Vasilis,Creffeild,Puce
65,Ruthi,Jacquemard,Violet
66,Giorgia,L'Hommeau,Fuscia
67,Jordan,Andrejevic,Pink
68,Alison,Ruppert,Crimson
69,Bing,Kersaw,Khaki
70,Karine,Meaders,Indigo
71,Sabra,Harmeston,Aquamarine
72,Toby,Lieb,Crimson
73,Roze,Largent,Violet
74,Donielle,MacTrustam,Mauv
75,Steve,Le Grys,Fuscia
76,Sophey,MacArthur,Turquoise
77,Domenic,Dows,Yellow
78,Chrysler,Fillimore,Violet
79,Cathi,Driver,Violet
80,Dickie,Relf,Mauv
81,Hobey,Howood,Yellow
82,Octavius,Brumfitt,Purple
83,Amata,Stallebrass,Blue
84,Brian,Rosenschein,Khaki
85,Earle,Grammer,Indigo
86,Orin,Norman,Indigo
87,Tully,Gulberg,Maroon
88,Theodora,Reen,Mauv
89,Darbie,Durran,Crimson
90,Kimmie,Choppin,Green
91,Mervin,Holtham,Mauv
92,Martha,Norrington,Goldenrod
93,Dieter,McColley,Crimson
94,Cheri,Kisbee,Pink
95,Deerdre,Fagan,Goldenrod
96,Brianna,Birchett,Violet
97,Mick,Jozef,Pink
98,Ellissa,Guare,Yellow
99,Olympia,Coll,Khaki
100,Barnard,Harmond,Indigo
101,Riccardo,Eastwell,Teal
102,Sioux,Crutcher,Blue
103,Agatha,Hankin,Khaki
104,Emylee,Eglington,Indigo
105,Crysta,Frowing,Indigo
106,Vin,Pawellek,Crimson
107,Selene,Silverlock,Violet
108,Brynne,Gosford,Yellow
109,Ashton,Soltan,Green
110,Kristi,Webby,Green
111,Reinald,Brimham,Turquoise
112,Codi,Barszczewski,Indigo
113,Teodor,Soughton,Pink
114,Vasily,Madgin,Yellow
115,Willard,Eaklee,Crimson
116,Babb,Ferdinand,Red
117,Lynelle,Colrein,Pink
118,Goldarina,Weekes,Violet
119,Kathi,Gilbank,Mauv
120,Vinita,Marcum,Crimson
121,Devi,Brunn,Teal
122,Reamonn,Huguet,Teal
123,Lyndsey,Haggidon,Fuscia
124,Mathian,Pund,Yellow
125,Rosanna,Clemanceau,Aquamarine
126,Burnaby,Pinhorn,Mauv
127,Perri,McMichell,Pink
128,Gerianne,Downs,Green
129,Adaline,Perelli,Maroon
130,Raine,Melbury,Aquamarine
131,Renaldo,Haveline,Yellow
132,Sutherlan,Rampling,Mauv
133,Belicia,Avent,Orange
134,Herc,Boosey,Goldenrod
135,Scotti,Kornas,Violet
136,Rene,Stillgoe,Violet
137,Silvio,Vayro,Mauv
138,Elka,Lyddiatt,Green
139,Norris,MacKaig,Turquoise
140,Mychal,Pittoli,Violet
141,Jennifer,Tailby,Yellow
142,Carmella,Conroy,Indigo
143,Madelin,Raulston,Crimson
144,Berke,Beine,Fuscia
145,Pierson,Cartmael,Khaki
146,Jae,Kabsch,Fuscia
147,Giana,Costi,Turquoise
148,Adel,Woodcock,Khaki
149,Bruno,de Juares,Teal
150,Euell,Bim,Fuscia
151,Kariotta,Trout,Yellow
152,Ralina,Scurrey,Maroon
153,Lonnie,Kruschev,Green
154,Jasmine,MacGee,Pink
155,Noam,Kernan,Violet
156,Rockie,Matyushenko,Teal
157,Leupold,Maxwell,Orange
158,Kristofer,Ricard,Teal
159,Cordy,Newe,Crimson
160,Tull,Hodinton,Red
161,Rhona,Rosbotham,Violet
162,Jae,Trett,Aquamarine
163,Willyt,Hurdidge,Blue
164,Spike,Todarello,Puce
165,Wendall,Hazeley,Violet
166,Karita,Zanetello,Violet
167,Maren,Ranken,Maroon
168,Tammara,McPeck,Aquamarine
169,Sollie,Gadsden,Goldenrod
170,Lori,O'Donnell,Maroon
171,Nate,Iley,Mauv
172,Codee,Tresvina,Green
173,Kyle,Stockbridge,Turquoise
174,Jacquette,Shenton,Teal
175,Galen,Scanterbury,Yellow
176,Marguerite,Towe,Pink
177,Myrah,McFayden,Puce
178,Goldina,holmes,Aquamarine
179,Costanza,McClinton,Pink
180,Guglielmo,Tomkinson,Pink
181,Guenevere,McIlrath,Aquamarine
182,Karoly,Velten,Teal
183,Sandy,Schwand,Mauv
184,Fowler,Domange,Teal
185,Bucky,Pavitt,Indigo
186,Dawna,Shovel,Mauv
187,Abigale,Beamson,Fuscia
188,Amber,Kennet,Indigo
189,Taylor,Sloy,Red
190,Brion,Haversum,Teal
191,Marybeth,Baumford,Violet
192,Wyndham,Terron,Purple
193,Michael,Cummine,Green
194,Ursuline,Moncreiffe,Crimson
195,Dina,Slavin,Violet
196,Mellie,Gowanlock,Green
197,Judye,Wylder,Aquamarine
198,Sansone,Creyke,Crimson
199,Terrijo,Derby,Maroon
200,Shurwood,Beachamp,Fuscia
201,Petrina,Grinikhin,Goldenrod
202,Jesse,Dunkerk,Khaki
203,Bride,Bladen,Orange
204,Arnoldo,Elgie,Puce
205,Vi,Lacoste,Yellow
206,Liane,Seyfart,Indigo
207,Alaric,Aslen,Mauv
208,Jemmie,Casaletto,Puce
209,Margery,Herrieven,Pink
210,Kendal,Bolesworth,Red
211,Adelaide,Vaneschi,Teal
212,Brion,Sherrocks,Turquoise
213,Justis,Hodjetts,Purple
214,Ronica,Sellman,Crimson
215,Clementia,Mattioli,Aquamarine
216,Alvis,Lyttle,Crimson
217,Byrom,Matteucci,Khaki
218,Debbi,Schusterl,Green
219,Mora,Audrey,Blue
220,Dulcinea,Winkell,Puce
221,Daveen,Marte,Teal
222,Hulda,Oldland,Crimson
223,Shamus,Szanto,Maroon
224,Deck,Palle,Khaki
225,Tuesday,Corrison,Violet
226,Aguste,Fincke,Orange
227,Nicol,Geare,Crimson
228,John,Dingivan,Orange
229,Caddric,Kingsnorth,Crimson
230,Abbott,Bampkin,Crimson
231,Deloris,Morten,Goldenrod
232,Emalee,St Leger,Khaki
233,Madelina,Shine,Violet
234,Leola,Swinyard,Turquoise
235,Carol,Ox,Indigo
236,Hewe,Dudenie,Khaki
237,Valene,Beadon,Crimson
238,Lavinia,Stonebanks,Turquoise
239,Ebonee,Chadwick,Red
240,Vonnie,Beswell,Indigo
241,Case,Yurenin,Purple
242,Der,Hollerin,Fuscia
243,Gay,Burth,Mauv
244,Bart,Kaasman,Mauv
245,Carson,Almack,Orange
246,Kristoforo,Vynall,Yellow
247,Alli,Kinworthy,Yellow
248,Valentino,Hainey,Mauv
249,Phoebe,Spinas,Maroon
250,Wilone,Edgler,Purple
251,Jodie,Dubery,Khaki
252,Sydelle,McHale,Indigo
253,Berky,Lyness,Purple
254,Hillery,Pond,Aquamarine
255,Shanda,Boxall,Khaki
256,Alan,Blackmoor,Khaki
257,Ralph,McGettrick,Yellow
258,Odessa,Puller,Goldenrod
259,Laurens,Pyett,Goldenrod
260,Larissa,Martijn,Maroon
261,Briney,Shorrock,Green
262,Anderea,Ramsbottom,Indigo
263,Corney,Hallick,Aquamarine
264,Mae,Bispham,Khaki
265,Vale,Stilly,Orange
266,Jess,Westnage,Khaki
267,Hally,Woolis,Indigo
268,Roderick,Lempel,Yellow
269,Sidoney,Gillio,Khaki
270,Wilmette,Liebrecht,Crimson
271,Rowan,Arons,Violet
272,Misty,Whorton,Violet
273,Wilow,Ferrelli,Puce
274,Bel,Ditch,Turquoise
275,Lynnet,Walisiak,Green
276,Lark,Underhill,Green
277,Arny,Mayho,Orange
278,Mirilla,Tripony,Green
279,Maxie,Pauleau,Goldenrod
280,Erich,Shrimptone,Puce
281,Kizzee,Dench,Purple
282,Jamil,Brumbye,Pink
283,Merrilee,Gantz,Khaki
284,Devin,Duggary,Puce
285,Sybille,Florey,Crimson
286,Hasheem,Bellham,Green
287,Franchot,Kunat,Orange
288,Delmer,Mourton,Blue
289,Dolores,Braisted,Yellow
290,Xena,Vakhrushev,Violet
291,Sigmund,Kunkel,Violet
292,Cassi,Grimsey,Blue
293,Chen,Dring,Khaki
294,Muriel,Sprowson,Purple
295,Vale,Woodson,Purple
296,Shawnee,Sabattier,Green
297,Dan,Domsalla,Yellow
298,Caryn,Metrick,Orange
299,Claire,Sawtell,Fuscia
300,Elbertina,Loughman,Goldenrod
301,Holly,Ling,Mauv
302,Conny,Dumper,Khaki
303,Meris,Aronov,Crimson
304,Mikaela,Kerry,Crimson
305,Yasmeen,Bulward,Puce
306,Jereme,Kemson,Mauv
307,Cosetta,Baukham,Purple
308,Janna,Hammond,Indigo
309,Alayne,Seagrove,Fuscia
310,Idell,Fullagar,Puce
311,Nev,Wetton,Green
312,Vallie,Ramas,Violet
313,Sinclair,Gilbride,Crimson
314,Drake,Bruggen,Maroon
315,Stacy,Lude,Green
316,Dimitry,Neylon,Yellow
317,Winna,Devonald,Purple
318,Farica,Lies,Red
319,Myranda,Morffew,Violet
320,Kerrie,Spensly,Orange
321,Erv,Braithwait,Goldenrod
322,Abba,Sammonds,Blue
323,Electra,Durnford,Aquamarine
324,Orsola,Moehle,Khaki
325,Levin,Grafhom,Pink
326,Marie-jeanne,Domelaw,Teal
327,Jane,Gartland,Indigo
328,Kalina,Deeney,Mauv
329,Adelaide,Matas,Blue
330,Ber,Le Strange,Khaki
331,Roch,Asquez,Indigo
332,Hazlett,Kneafsey,Indigo
333,Minor,Elsbury,Aquamarine
334,Zonda,Yukhnin,Purple
335,Abigail,Prisley,Fuscia
336,Pris,Coldbathe,Maroon
337,Keely,Franek,Red
338,Oswald,Quare,Indigo
339,Sophi,de Vaen,Mauv
340,Kaila,Christley,Teal
341,Northrup,Phibb,Yellow
342,Annadiane,Isakson,Green
343,Theodore,Rummings,Maroon
344,Helga,Kleisel,Pink
345,Lark,Spencook,Green
346,Demetrius,Tolliday,Turquoise
347,Rustie,Bilovus,Pink
348,Alfie,Meecher,Aquamarine
349,Berne,Casarini,Fuscia
350,Penny,Huzzey,Crimson
351,Georgie,Alderwick,Crimson
352,Maighdiln,Ferriday,Pink
353,Berny,Athridge,Aquamarine
354,Antoni,Murty,Purple
355,Didi,Mewett,Mauv
356,Haskel,Woodfin,Indigo
357,Vanny,Spikins,Goldenrod
358,Ciro,Keyho,Crimson
359,Raviv,Livock,Blue
360,Jackqueline,Somner,Maroon
361,Arnaldo,Fisbburne,Orange
362,Tiebout,Everit,Mauv
363,Nevsa,Skurray,Blue
364,Friederike,Housaman,Red
365,Pauly,Fyfield,Teal
366,Hadria,McLane,Puce
367,Blithe,Pughe,Khaki
368,Zolly,Balsellie,Pink
369,Merrielle,Bartelot,Crimson
370,Clarita,Reimer,Indigo
371,Ardine,Westmerland,Purple
372,Bess,Sute,Red
373,Susy,Gheeorghie,Goldenrod
374,Brittan,Frean,Red
375,Sheba,Franseco,Goldenrod
376,Reina,Hinkens,Yellow
377,Vladimir,MacDavitt,Maroon
378,Sharon,Bushrod,Indigo
379,Duff,Souch,Fuscia
380,Antonie,MacSorley,Goldenrod
381,Johnna,Hadenton,Fuscia
382,Nicole,Longfut,Orange
383,Rois,Perryman,Maroon
384,Ondrea,McGuinness,Blue
385,Gray,Elcum,Maroon
386,Sayre,Cradey,Puce
387,Winona,Maasze,Pink
388,Lucinda,Weightman,Violet
389,Des,Rudkin,Orange
390,Pearce,Gifford,Green
391,Idette,Earie,Mauv
392,Bing,Castellucci,Pink
393,Connor,Hewson,Goldenrod
394,Richy,Maulin,Puce
395,Wynn,Ffrench,Violet
396,Tally,Sutcliffe,Mauv
397,Isac,Tubb,Green
398,Onofredo,Train,Violet
399,Inglebert,Alpin,Teal
400,Ugo,Mobbs,Khaki
401,Nettie,Aimable,Blue
402,Cleon,Perrot,Aquamarine
403,Iggy,Vidyapin,Puce
404,Nickolaus,Hudleston,Aquamarine
405,Karena,Stubbert,Aquamarine
406,Bertie,Williscroft,Mauv
407,Ailey,Gobolos,Indigo
408,Nappy,McCowan,Puce
409,Sophronia,Gonnel,Mauv
410,Codie,Klimkov,Puce
411,Patience,Banaszkiewicz,Puce
412,Audi,Viggers,Goldenrod
413,Emmery,Faldo,Pink
414,Missie,Melburg,Turquoise
415,Arleen,Shepeard,Maroon
416,Chilton,Vondrasek,Mauv
417,Hesther,McLellan,Teal
418,Hercule,Polkinghorne,Turquoise
419,Tiebout,Spong,Red
420,Hilton,Pickover,Fuscia
421,Jozef,Simond,Orange
422,Morgen,Perott,Indigo
423,Mead,Dupoy,Green
424,Frankie,Rohlfs,Crimson
425,Aluino,Paddeley,Mauv
426,Carey,Tuison,Aquamarine
427,Mick,Proback,Yellow
428,Brianne,Gosart,Turquoise
429,Christalle,Paulon,Puce
430,Tobie,Preston,Fuscia
431,Silvia,Wiltshier,Orange
432,Lenard,Kimblen,Blue
433,Henrietta,Ringwood,Crimson
434,Keane,Chainey,Puce
435,Pansie,Jachimczak,Green
436,Jodie,Meco,Teal
437,Claudian,Rix,Puce
438,Errick,Stollery,Goldenrod
439,Shalne,Twitchings,Red
440,Natasha,Mattioli,Maroon
441,Adaline,Tearle,Khaki
442,Tadeo,Locard,Aquamarine
443,Carver,Niles,Orange
444,Haven,Haslewood,Pink
445,Wadsworth,Brunel,Teal
446,Burlie,Sanford,Maroon
447,Caria,Elloy,Red
448,Carolina,Breen,Blue
449,Filmore,Bishop,Orange
450,Eugenie,Loch,Turquoise
451,Marin,Gubbins,Teal
452,Sela,Lickorish,Yellow
453,Camey,Rehn,Violet
454,Kalinda,Maber,Goldenrod
455,Hermy,Wylam,Aquamarine
456,Daryn,Mouncher,Purple
457,Stafani,Silcocks,Teal
458,Dalston,Clare,Pink
459,Micky,Petracchi,Turquoise
460,Catlee,Buffy,Puce
461,Silvana,Croutear,Maroon
462,Josefa,Allnatt,Violet
463,Mallory,Litel,Green
464,Andeee,Simonich,Puce
465,Ophelia,Camplejohn,Green
466,Addie,Preto,Purple
467,Kelsi,Colbert,Blue
468,Christy,Bloodworth,Aquamarine
469,Kylen,Tremblet,Mauv
470,Beale,Rutherforth,Turquoise
471,Morten,Ranking,Violet
472,Tiebold,Attenbrough,Red
473,Brunhilda,Ockendon,Teal
474,Dion,Monaghan,Goldenrod
475,Ame,Dracey,Turquoise
476,Coraline,Brazur,Orange
477,Toiboid,Dmitrovic,Purple
478,Gayle,Thal,Orange
479,Binnie,Sindall,Red
480,Guglielmo,Twyford,Khaki
481,Claire,Huonic,Aquamarine
482,Adriena,Cullagh,Fuscia
483,Ange,Wharfe,Maroon
484,Giorgia,Amis,Mauv
485,Maudie,Gayne,Crimson
486,Felicio,Elphee,Blue
487,Robyn,Jerson,Violet
488,Chadd,Wandless,Goldenrod
489,Reeva,Tenman,Violet
490,Peria,Shave,Fuscia
491,Ruby,Djekic,Yellow
492,Ranna,Heather,Aquamarine
493,Vinita,Danjoie,Green
494,Tymon,Devlin,Teal
495,Cos,Hinkes,Blue
496,Davie,Croyden,Khaki
497,Parnell,Pomeroy,Khaki
498,Adolphe,Betancourt,Crimson
499,Drucy,Cowope,Fuscia
500,Gabriela,Mulbery,Orange
501,Gerhard,Hatliff,Yellow
502,Brien,Firmage,Blue
503,Esmaria,Anglin,Violet
504,Yvon,Poupard,Khaki
505,Giulietta,Reeders,Maroon
506,Enos,Rieme,Mauv
507,Roslyn,Pfeffle,Crimson
508,Solomon,Flecknell,Blue
509,Care,McIlriach,Pink
510,Bertrando,MacElane,Yellow
511,Damara,Bourcq,Crimson
512,Krystalle,Thame,Pink
513,Blane,Stapley,Khaki
514,Karna,Halle,Puce
515,Boyce,Grinov,Crimson
516,Arleta,O'Grady,Purple
517,Georgeanna,Toyer,Pink
518,Cobb,Padkin,Maroon
519,Gussi,Overland,Orange
520,Eolande,Hanscome,Blue
521,Terra,Eloy,Indigo
522,Ruthi,Keyme,Khaki
523,Kory,Farndale,Pink
524,Bebe,Wadeling,Green
525,Caldwell,Gayle,Puce
526,Lulita,Kharchinski,Pink
527,Junia,Helian,Khaki
528,Park,Coulthart,Purple
529,Gabbie,Cowwell,Mauv
530,Kath,Prewer,Crimson
531,Loraine,Felmingham,Indigo
532,Judah,Lewisham,Khaki
533,Kendal,Sawdon,Puce
534,Debra,Wringe,Goldenrod
535,Clementius,O'Tuohy,Goldenrod
536,Gillie,Sidey,Turquoise
537,Ford,Ragdale,Fuscia
538,Marten,Byas,Orange
539,Marge,Moland,Goldenrod
540,Meridel,Rowthorne,Pink
541,Willey,Pepper,Red
542,Killian,Bettenay,Puce
543,Adrien,Kennifeck,Green
544,Siobhan,Dubock,Turquoise
545,Gabe,Broune,Purple
546,Nadine,Daveridge,Puce
547,Dyana,Valens-Smith,Yellow
548,Sholom,Kubiak,Red
549,Inessa,Legonidec,Red
550,Pate,Hearle,Maroon
551,Adam,Cotesford,Teal
552,Welsh,Craisford,Goldenrod
553,Shelbi,Hudspeth,Yellow
554,Trevor,Orgel,Mauv
555,Kaitlynn,Shalloe,Turquoise
556,Ruby,Mayoral,Crimson
557,Arda,McVitty,Indigo
558,Myrle,Voyce,Goldenrod
559,Torrence,O'Sharkey,Maroon
560,Matteo,Dyzart,Khaki
561,Deanna,Antonsson,Indigo
562,Emile,Stave,Pink
563,Shermie,Beatens,Indigo
564,Mindy,Vacher,Red
565,Viviana,Carlisso,Green
566,Clair,Newitt,Yellow
567,Tiertza,Maudlen,Green
568,Leanor,Taile,Yellow
569,Tamma,Seys,Puce
570,Welby,Dudson,Teal
571,Dannie,Bilfoot,Khaki
572,Langsdon,Gatrell,Red
573,Margarethe,Jukes,Green
574,Clay,Opie,Blue
575,Bernadene,Scotford,Puce
576,Anthe,Craisford,Blue
577,Bent,Bury,Khaki
578,Garrett,Ionesco,Violet
579,Susana,Bachanski,Maroon
580,Juana,Joly,Blue
581,Dalila,Lardner,Teal
582,Wendall,Aikenhead,Teal
583,Bendicty,Stopforth,Violet
584,Wilfrid,Guillon,Yellow
585,Gladi,Doers,Goldenrod
586,Latrina,Veronique,Aquamarine
587,Etan,Cauldwell,Maroon
588,Thorin,Isakovic,Orange
589,Jordan,Jaksic,Fuscia
590,Moss,Addy,Green
591,Bernardine,Gray,Indigo
592,Ynez,Jardin,Orange
593,Barbara-anne,Havard,Pink
594,Eduard,Pauletto,Green
595,Jan,Huskisson,Teal
596,Shurwood,Eake,Indigo
597,Rollie,Wisniowski,Turquoise
598,Arda,Burdett,Violet
599,Genia,Sawley,Green
600,Tommi,Shakespeare,Puce
601,Amalee,Aldrin,Yellow
602,Susy,Jovic,Khaki
603,Prentice,Cuskery,Aquamarine
604,Moore,Bonallack,Puce
605,Aurelia,Wenzel,Blue
606,My,O'Riordan,Turquoise
607,Christian,De Vuyst,Green
608,Angus,Shimman,Goldenrod
609,Roldan,Mingay,Orange
610,Zorah,Theaker,Maroon
611,Meade,Sheward,Orange
612,Marlo,Boyde,Orange
613,Hobard,Calvard,Orange
614,Katherine,Rickersy,Puce
615,Bevin,Mathey,Orange
616,Nisse,Belamy,Yellow
617,Glenda,Weathey,Red
618,Nathanial,Jerrems,Aquamarine
619,Vivianna,Greenlees,Aquamarine
620,Kinna,Reding,Turquoise
621,Lily,Fraschini,Maroon
622,Sigismondo,Bollin,Maroon
623,Valma,Emanuel,Mauv
624,Alfie,Egell,Khaki
625,Hedwiga,Bodleigh,Fuscia
626,Baird,Reeds,Teal
627,Clarey,Ducarne,Orange
628,Cherise,Waiting,Khaki
629,Lennie,Carayol,Orange
630,Flossi,O'Cuddie,Puce
631,Berri,Maplethorpe,Mauv
632,Cristal,McKea,Turquoise
633,Amber,Giordano,Goldenrod
634,Brett,Whithorn,Crimson
635,Raina,Burchell,Puce
636,Karia,Helstrip,Maroon
637,Sid,Dargavel,Khaki
638,Agnella,Draycott,Teal
639,Graeme,Colvin,Turquoise
640,Eleanore,Bredee,Fuscia
641,Verla,Marcinkowski,Red
642,Yolanda,Vardey,Green
643,Baxter,Spridgeon,Violet
644,Oliviero,Forrestall,Maroon
645,Arly,Baylis,Aquamarine
646,Meagan,Risby,Turquoise
647,Kristien,Hullett,Turquoise
648,Alethea,Snedker,Red
649,Betsey,Berriman,Green
650,Austin,Vallerine,Purple
651,Bondie,Adlam,Green
652,Alessandra,Ropp,Indigo
653,Bernarr,Upfold,Violet
654,Dory,Cubbon,Puce
655,Arda,Limeburn,Fuscia
656,Kori,Sanbrooke,Crimson
657,Madella,Croughan,Red
658,Ira,McKyrrelly,Yellow
659,Barret,Bonde,Orange
660,Renado,Spurdon,Blue
661,Zarla,Denniston,Red
662,Odie,Toby,Violet
663,Tildie,Duly,Blue
664,Jacquetta,Witson,Orange
665,Uri,Barlthrop,Indigo
666,Travis,Dalrymple,Khaki
667,Therine,Bowcher,Blue
668,Romy,Featherbie,Crimson
669,Bettye,Norledge,Orange
670,Laney,Sybe,Fuscia
671,Matthaeus,Moulson,Orange
672,Shelden,Anthiftle,Teal
673,Valentijn,Aumerle,Indigo
674,Eamon,Nutbeem,Puce
675,Tuck,Burth,Red
676,Vincent,Hordle,Maroon
677,Amie,Gheraldi,Red
678,Ive,Ivanyukov,Purple
679,Jason,Waterman,Mauv
680,Douglass,MacNab,Teal
681,Leontine,Culverhouse,Crimson
682,Lilla,Luis,Fuscia
683,Kirby,Dimmer,Orange
684,Miof mela,Whilde,Pink
685,Hasheem,Heartfield,Yellow
686,Giustina,Mc-Kerley,Aquamarine
687,Reine,Nunes Nabarro,Mauv
688,Wang,Dannehl,Teal
689,Jo-anne,Fasse,Orange
690,Lucho,MacGahey,Aquamarine
691,Maison,Becarra,Purple
692,Petronilla,Dugood,Khaki
693,Prince,Bielfelt,Teal
694,Ruthanne,Perrigo,Blue
695,Niall,Salvador,Violet
696,Lon,Poat,Turquoise
697,Valma,Damiata,Teal
698,Merilee,McKendry,Fuscia
699,Beverlee,Toler,Purple
700,Brandon,Moryson,Khaki
701,Marietta,Gittose,Yellow
702,Grantham,Queyeiro,Red
703,Loydie,Sibray,Teal
704,Royce,Dinsell,Yellow
705,Dorris,Martinetto,Khaki
706,Edd,Stede,Blue
707,Ardelis,Lerer,Teal
708,Vincenz,Bruhnicke,Yellow
709,Alic,Noli,Green
710,Rheta,Stewartson,Blue
711,Peri,Meatcher,Fuscia
712,Wallie,Fossick,Fuscia
713,Benedikt,Foulis,Maroon
714,Ally,Piola,Blue
715,Sarge,Panyer,Aquamarine
716,Garek,Nestoruk,Violet
717,Sharona,McQuillen,Aquamarine
718,Sile,Brunetti,Teal
719,Clay,Redwall,Green
720,Shane,Sapey,Khaki
721,Lauralee,Dillinger,Green
722,D'arcy,Deave,Puce
723,Zacharia,Kibard,Teal
724,Moll,Kovnot,Maroon
725,Maynard,Robelin,Crimson
726,Ardene,Sprowson,Teal
727,Raynell,Vaan,Puce
728,Aurelie,Defty,Orange
729,Gunner,Merali,Maroon
730,Rhodia,Wace,Green
731,Jamie,Line,Teal
732,Belva,Vagges,Green
733,Emilie,Horry,Khaki
734,Gusella,Yukhov,Blue
735,Josey,Gaytor,Aquamarine
736,Edouard,Cotte,Aquamarine
737,Hodge,Broadist,Violet
738,Lexi,Mara,Violet
739,Mindy,Tures,Mauv
740,Kathy,Darrigrand,Yellow
741,Kimbra,Orsman,Red
742,Gerrie,Adolfson,Yellow
743,Ryann,Simonaitis,Maroon
744,Bobbie,Ottawell,Aquamarine
745,Shelbi,Chilles,Green
746,Del,Pauluzzi,Green
747,Adelina,Jesse,Crimson
748,Rickard,Capell,Puce
749,Ginnie,Fawcus,Green
750,Fulton,Caveau,Red
751,Kirsteni,Goldfinch,Purple
752,Carmita,Van den Dael,Purple
753,Fancie,Lantiffe,Khaki
754,Daniela,McNysche,Green
755,Rossie,Girkins,Mauv
756,Gorden,Garrould,Fuscia
757,Carrol,Elis,Blue
758,Quintus,Libreros,Khaki
759,Mina,Stormes,Violet
760,Halsey,Byford,Orange
761,Gaby,Erridge,Violet
762,Eddy,Aspinal,Khaki
763,Fran,Simoneschi,Yellow
764,Seline,MacAvaddy,Turquoise
765,Lucilia,Traynor,Turquoise
766,Derrick,Tappor,Orange
767,Suzy,Sent,Green
768,Quincy,Eilhersen,Mauv
769,Petr,Stonhard,Fuscia
770,Dick,Elphinston,Green
771,Donnamarie,Sander,Turquoise
772,Normand,Whatling,Blue
773,Othelia,Ander,Aquamarine
774,Leandra,Longhurst,Mauv
775,Kerry,McGerraghty,Puce
776,Renaud,Saywell,Pink
777,L;urette,Chellam,Orange
778,Johny,Kittoe,Violet
779,Ottilie,holmes,Puce
780,Brigg,Ledbury,Green
781,Nickey,Kinch,Khaki
782,Philbert,Fludgate,Puce
783,Amalle,Kennally,Violet
784,Mollie,Aizikov,Fuscia
785,Juliette,Ales,Khaki
786,Alida,Murfett,Maroon
787,Willdon,Doig,Maroon
788,Viole,Coners,Teal
789,Marcela,Hoofe,Purple
790,Linda,Battrick,Orange
791,Colan,Hetterich,Pink
792,Risa,Wildman,Khaki
793,Eydie,Adderley,Aquamarine
794,Stephie,Clineck,Indigo
795,Clive,Cassidy,Teal
796,Chandler,Sprull,Indigo
797,Emera,Vedyasov,Turquoise
798,Boot,Dresse,Puce
799,Carce,Espadater,Puce
800,Ramon,Bonnick,Goldenrod
801,Clementius,Taggerty,Crimson
802,Hersh,Caunce,Teal
803,Berty,Ruggs,Pink
804,Lillis,Ivanchikov,Violet
805,Dulcinea,Loughead,Indigo
806,Sullivan,McGuffie,Aquamarine
807,Karly,Ree,Green
808,Kalina,Jeroch,Blue
809,Lilia,Aizikowitz,Blue
810,Malory,Lambertz,Aquamarine
811,Cheslie,Jendrusch,Goldenrod
812,Allyce,Spittle,Red
813,Marje,Scarth,Fuscia
814,Kevyn,Eseler,Turquoise
815,Saundra,Gian,Puce
816,Dory,Stavers,Yellow
817,Lina,Cowndley,Mauv
818,Timmie,Bayns,Mauv
819,Shauna,Hupka,Khaki
820,Gelya,Haburne,Aquamarine
821,Bram,Felstead,Aquamarine
822,Symon,Featenby,Blue
823,Etienne,Ducket,Crimson
824,Tricia,Leglise,Teal
825,Ynes,Lamplough,Turquoise
826,Dania,Wylder,Green
827,Eleanor,Physic,Turquoise
828,Reinhard,Phin,Purple
829,Eduardo,Bittlestone,Violet
830,Lodovico,Dowry,Fuscia
831,Costa,Cardenoza,Goldenrod
832,Edithe,Bampfield,Green
833,Adlai,Chalcot,Maroon
834,Grange,Kempton,Khaki
835,Claribel,Showl,Aquamarine
836,Chandal,Joannet,Puce
837,Adrian,Poynter,Mauv
838,Walliw,Babbidge,Yellow
839,Casey,Pepler,Indigo
840,Coleman,Handmore,Mauv
841,Oran,Grimsdike,Orange
842,Elvina,Perone,Teal
843,Alexis,Szymonwicz,Goldenrod
844,Arabella,Lillee,Indigo
845,Ameline,Kayes,Crimson
846,Odilia,Lombardo,Puce
847,Fabian,Calvert,Crimson
848,Nanni,Legat,Orange
849,Kurtis,Symondson,Orange
850,Sabine,Jancic,Indigo
851,Isa,Sandels,Maroon
852,Sosanna,Djokic,Indigo
853,Verile,Biggam,Crimson
854,Bryn,Milkeham,Green
855,Garrick,Maidment,Teal
856,Mikol,Zimmermeister,Green
857,Rolland,Mooney,Pink
858,Shirley,Phythean,Indigo
859,Renata,Wehden,Green
860,Sheffield,Sperring,Maroon
861,Mollee,Laity,Puce
862,Veronika,Cunniff,Violet
863,Drucy,Brasier,Indigo
864,Tarah,Casari,Green
865,Greer,Dohms,Blue
866,Twila,Semmence,Goldenrod
867,Nobie,Hanshawe,Blue
868,Kaylee,St Ledger,Teal
869,Dylan,Wholesworth,Mauv
870,Perren,Sterman,Turquoise
871,Freddie,Calan,Purple
872,Merrie,Cranham,Goldenrod
873,Martina,Galvin,Aquamarine
874,Dorree,Tallquist,Mauv
875,Wolfie,Mallard,Red
876,Ollie,Tellenbach,Yellow
877,Reagen,Franey,Violet
878,Adiana,Thickins,Goldenrod
879,Charyl,Spence,Maroon
880,Theodora,Newlove,Teal
881,Morie,Torrisi,Aquamarine
882,Paulette,Upcott,Teal
883,Colline,Dackombe,Crimson
884,Reinaldos,Geockle,Maroon
885,Nedda,Choke,Crimson
886,Yasmeen,Barca,Aquamarine
887,Cammy,Hammor,Yellow
888,Alleen,Delaprelle,Red
889,Tamma,Gerault,Khaki
890,Ivory,Enever,Maroon
891,Helli,Hand,Goldenrod
892,Kata,Weinmann,Red
893,Allayne,Ortell,Teal
894,Derrick,Porte,Violet
895,Sherlocke,Marvelley,Violet
896,Sherye,Atcherley,Pink
897,Sherwynd,Swane,Aquamarine
898,Nicolis,Middup,Turquoise
899,Trip,Vain,Orange
900,Ernie,Eddie,Turquoise
901,Vivia,Layne,Aquamarine
902,Persis,Scarfe,Blue
903,Jaquelin,Danzig,Maroon
904,Mirella,Fritz,Teal
905,Stafani,Jedrzaszkiewicz,Turquoise
906,Fidelio,Eagan,Fuscia
907,Wilie,Veillard,Khaki
908,Sibilla,Prevett,Purple
909,Robinet,Vaughan-Hughes,Aquamarine
910,Cindra,Leeman,Blue
911,Ricard,Simpole,Goldenrod
912,Brose,Bampford,Aquamarine
913,Quinlan,Lisett,Turquoise
914,Novelia,Sheepy,Teal
915,Judah,Kneller,Puce
916,Janine,Prazer,Fuscia
917,Martica,Jupe,Goldenrod
918,Anjela,Killcross,Maroon
919,Carroll,Mardell,Purple
920,April,Thurner,Red
921,Perceval,Coupe,Turquoise
922,Levon,Fitchell,Maroon
923,Alica,Halladey,Aquamarine
924,Erick,Prestie,Teal
925,Rudd,Rown,Pink
926,Sheri,Wason,Red
927,Ginni,Bridewell,Yellow
928,Malissa,Lilly,Aquamarine
929,Abramo,Jaume,Mauv
930,Vin,Dishman,Puce
931,Adrianne,Gillison,Teal
932,Lorri,Esplin,Yellow
933,Isis,Leinthall,Khaki
934,Pepe,Jamblin,Crimson
935,Zelda,McCoveney,Mauv
936,Pail,Treuge,Khaki
937,Pavlov,Clifton,Pink
938,Jess,McGilleghole,Aquamarine
939,Arnuad,Ranns,Aquamarine
940,Florida,Lafford,Violet
941,Palm,Janoschek,Indigo
942,Georgetta,Dafforne,Orange
943,Enriqueta,Harsnep,Fuscia
944,Rolando,Maccrie,Goldenrod
945,Wilie,Riggeard,Turquoise
946,Ira,Digger,Yellow
947,Ileane,Lapthorne,Goldenrod
948,Jenny,Gurery,Indigo
949,Aaron,Faustian,Blue
950,Yolanthe,Stocker,Teal
951,Aymer,Graber,Maroon
952,Errick,Elmore,Indigo
953,Erik,Robertazzi,Goldenrod
954,Marjory,Doerren,Teal
955,Maryann,Onthank,Violet
956,Georgeanne,Sautter,Red
957,Elias,Pengilly,Violet
958,Delly,Lovel,Indigo
959,Marianne,Bellwood,Crimson
960,Basil,Hobbert,Aquamarine
961,Friedrich,Sheridan,Goldenrod
962,Haroun,Stoyles,Goldenrod
963,Hebert,Claricoates,Pink
964,Theressa,Borge,Puce
965,Dorene,Gabbitas,Blue
966,Hanna,Toby,Teal
967,Hendrik,Clearley,Maroon
968,Konstantin,Snarr,Indigo
969,Leroy,Vuitte,Aquamarine
970,Wilt,Dyball,Teal
971,Ardyce,Crippes,Fuscia
972,Cloris,Scarffe,Purple
973,Kellina,Heaford,Aquamarine
974,Jeramey,Laborde,Red
975,Marthe,Stocker,Turquoise
976,Lorraine,Simukov,Khaki
977,Rosanna,Lohde,Khaki
978,Dedie,Cristofori,Indigo
979,Kevin,MacSherry,Puce
980,Bessie,Brognot,Mauv
981,Maribelle,Leupold,Aquamarine
982,Glory,Langer,Maroon
983,Marchall,Tibalt,Teal
984,Johny,Bartlet,Teal
985,Boigie,Jobbing,Turquoise
986,Harriott,Pinyon,Blue
987,Denyse,Jorger,Indigo
988,Reuben,Staneland,Yellow
989,Ania,McNee,Goldenrod
990,Carlos,Wyllie,Yellow
991,Sutherlan,Greatreax,Yellow
992,Maxy,Broady,Turquoise
993,Ellerey,Tole,Pink
994,Aindrea,Goncalo,Puce
995,Shaine,Maas,Red
996,Laird,Westover,Green
997,Sandi,Ellens,Indigo
998,Lincoln,Barday,Red
999,Derk,Nares,Indigo
1000,Evania,Forker,Crimson
